transaction_id,amount,currency,status,entry_type,created_at,posted_at,ledger_reference
DEMO001,1250,INR,POSTED,CREDIT,2026-09-01 14:06:00,2026-09-01 14:07:01,LED1001
DEMO002,2400,INR,PENDING,CREDIT,2026-09-01 15:01:00,,LED1002
DEMO003,3100,INR,PENDING,CREDIT,2026-09-01 12:11:00,,LED1003
DEMO004,1500,INR,POSTED,CREDIT,2026-09-01 14:36:00,2026-09-01 14:37:00,LED1004
DEMO007,950,INR,REJECTED,CREDIT,2026-09-01 17:01:00,,LED1007
DEMO008,2200,INR,POSTED,CREDIT,2026-09-01 18:36:00,2026-09-01 18:37:00,LED1008
DEMO009,1800,INR,POSTED,CREDIT,2026-09-01 14:00:00,2026-09-01 14:00:30,LED1009
DEMO010,3300,INR,POSTED,CREDIT,2026-09-01 19:36:00,2026-09-01 19:37:00,LED1010
DEMO011,5000,INR,PENDING,CREDIT,2026-09-01 21:01:00,,LED1011
TXN001,8000,INR,POSTED,CREDIT,2026-09-01 10:56:17,2026-09-01 11:51:17,LED20001
TXN002,10000,INR,POSTED,CREDIT,2026-09-03 12:43:27,2026-09-03 13:44:27,LED20002
TXN003,1500,INR,POSTED,CREDIT,2026-09-03 11:04:12,2026-09-03 11:54:12,LED20003
TXN004,1800,INR,POSTED,CREDIT,2026-09-01 15:54:27,2026-09-01 16:51:27,LED20004
TXN005,20000,INR,POSTED,CREDIT,2026-09-02 14:00:24,2026-09-02 14:17:24,LED20005
TXN006,7500,INR,POSTED,CREDIT,2026-09-02 11:52:29,2026-09-02 13:04:29,LED20006
TXN007,2000,INR,POSTED,CREDIT,2026-09-03 22:19:12,2026-09-03 22:44:12,LED20007
TXN008,20000,INR,POSTED,CREDIT,2026-09-02 13:12:14,2026-09-02 14:09:14,LED20008
TXN009,8000,INR,POSTED,CREDIT,2026-09-02 15:41:22,2026-09-02 16:26:22,LED20009
TXN010,7500,INR,POSTED,CREDIT,2026-09-03 16:04:46,2026-09-03 16:47:46,LED20010
TXN011,1800,INR,POSTED,CREDIT,2026-09-03 18:36:20,2026-09-03 18:45:20,LED20011
TXN012,2400,INR,POSTED,CREDIT,2026-09-02 18:46:13,2026-09-02 19:20:13,LED20012
TXN013,3000,INR,POSTED,CREDIT,2026-09-04 00:57:16,2026-09-04 01:27:16,LED20013
TXN014,5000,INR,POSTED,CREDIT,2026-09-03 00:12:37,2026-09-03 01:02:37,LED20014
TXN015,4200,INR,POSTED,CREDIT,2026-09-02 13:29:03,2026-09-02 13:54:03,LED20015
TXN016,10000,INR,POSTED,CREDIT,2026-09-02 12:41:24,2026-09-02 13:42:24,LED20016
TXN017,500,INR,POSTED,CREDIT,2026-09-03 14:05:56,2026-09-03 14:47:56,LED20017
TXN018,2000,INR,POSTED,CREDIT,2026-09-02 16:18:00,2026-09-02 16:35:00,LED20018
TXN019,4200,INR,POSTED,CREDIT,2026-09-01 20:17:40,2026-09-01 20:59:40,LED20019
TXN020,5000,INR,POSTED,CREDIT,2026-09-03 10:46:20,2026-09-03 11:50:20,LED20020
TXN021,2000,INR,POSTED,CREDIT,2026-09-01 12:02:56,2026-09-01 12:31:56,LED20021
TXN022,800,INR,POSTED,CREDIT,2026-09-03 14:19:42,2026-09-03 15:17:42,LED20022
TXN023,4200,INR,POSTED,CREDIT,2026-09-03 23:39:59,2026-09-04 00:25:59,LED20023
TXN024,3500,INR,POSTED,CREDIT,2026-09-04 00:29:15,2026-09-04 01:08:15,LED20024
TXN025,6000,INR,POSTED,CREDIT,2026-09-03 18:23:14,2026-09-03 18:39:14,LED20025
TXN026,1500,INR,POSTED,CREDIT,2026-09-01 12:11:21,2026-09-01 13:04:21,LED20026
TXN027,10000,INR,POSTED,CREDIT,2026-09-02 17:25:08,2026-09-02 17:50:08,LED20027
TXN028,3300,INR,POSTED,CREDIT,2026-09-01 13:34:42,2026-09-01 14:20:42,LED20028
TXN029,3500,INR,POSTED,CREDIT,2026-09-03 12:09:41,2026-09-03 12:54:41,LED20029
TXN030,950,INR,POSTED,CREDIT,2026-09-01 16:40:34,2026-09-01 17:18:34,LED20030
TXN031,1800,INR,POSTED,CREDIT,2026-09-02 18:47:59,2026-09-02 19:13:59,LED20031
TXN032,950,INR,POSTED,CREDIT,2026-09-01 10:32:59,2026-09-01 11:21:59,LED20032
TXN033,4000,INR,POSTED,CREDIT,2026-09-01 22:58:03,2026-09-02 00:10:03,LED20033
TXN034,1800,INR,POSTED,CREDIT,2026-09-02 19:40:44,2026-09-02 20:37:44,LED20034
TXN035,1250,INR,POSTED,CREDIT,2026-09-01 12:25:20,2026-09-01 13:03:20,LED20035
TXN036,4200,INR,POSTED,CREDIT,2026-09-03 15:08:32,2026-09-03 16:23:32,LED20036
TXN037,800,INR,POSTED,CREDIT,2026-09-03 18:04:07,2026-09-03 18:27:07,LED20037
TXN038,7500,INR,POSTED,CREDIT,2026-09-01 23:56:37,2026-09-02 00:53:37,LED20038
TXN039,1500,INR,POSTED,CREDIT,2026-09-02 22:29:42,2026-09-02 23:11:42,LED20039
TXN040,500,INR,POSTED,CREDIT,2026-09-02 13:21:34,2026-09-02 14:09:34,LED20040
TXN041,2750,INR,POSTED,CREDIT,2026-09-01 18:17:18,2026-09-01 18:41:18,LED20041
TXN042,12000,INR,POSTED,CREDIT,2026-09-03 02:07:42,2026-09-03 03:05:42,LED20042
TXN043,1800,INR,POSTED,CREDIT,2026-09-01 14:06:35,2026-09-01 15:07:35,LED20043
TXN044,1250,INR,POSTED,CREDIT,2026-09-03 20:45:43,2026-09-03 21:22:43,LED20044
TXN045,750,INR,POSTED,CREDIT,2026-09-02 00:15:17,2026-09-02 00:58:17,LED20045
TXN046,8000,INR,POSTED,CREDIT,2026-09-02 15:48:28,2026-09-02 16:51:28,LED20046
TXN047,800,INR,POSTED,CREDIT,2026-09-03 15:10:02,2026-09-03 15:39:02,LED20047
TXN048,3300,INR,POSTED,CREDIT,2026-09-01 11:33:23,2026-09-01 12:27:23,LED20048
TXN049,10000,INR,POSTED,CREDIT,2026-09-01 22:37:35,2026-09-01 22:54:35,LED20049
TXN050,1500,INR,POSTED,CREDIT,2026-09-01 16:44:26,2026-09-01 17:07:26,LED20050
TXN051,3300,INR,POSTED,CREDIT,2026-09-03 18:13:10,2026-09-03 18:19:10,LED20051
TXN052,4000,INR,POSTED,CREDIT,2026-09-01 17:12:58,2026-09-01 18:00:58,LED20052
TXN053,1500,INR,POSTED,CREDIT,2026-09-01 17:15:21,2026-09-01 17:34:21,LED20053
TXN054,2750,INR,POSTED,CREDIT,2026-09-04 02:33:43,2026-09-04 03:34:43,LED20054
TXN055,1200,INR,POSTED,CREDIT,2026-09-03 18:49:06,2026-09-03 19:13:06,LED20055
TXN056,3300,INR,POSTED,CREDIT,2026-09-04 02:10:24,2026-09-04 03:21:24,LED20056
TXN057,500,INR,POSTED,CREDIT,2026-09-03 17:22:27,2026-09-03 17:34:27,LED20057
TXN058,7500,INR,POSTED,CREDIT,2026-09-02 14:06:57,2026-09-02 15:00:57,LED20058
TXN059,2400,INR,POSTED,CREDIT,2026-09-02 20:18:08,2026-09-02 20:48:08,LED20059
TXN060,10000,INR,POSTED,CREDIT,2026-09-03 16:15:36,2026-09-03 16:40:36,LED20060
TXN061,2000,INR,POSTED,CREDIT,2026-09-02 16:56:50,2026-09-02 17:42:50,LED20061
TXN062,10000,INR,POSTED,CREDIT,2026-09-02 02:36:50,2026-09-02 03:40:50,LED20062
TXN063,4200,INR,POSTED,CREDIT,2026-09-03 20:25:52,2026-09-03 21:13:52,LED20063
TXN064,1250,INR,POSTED,CREDIT,2026-09-01 10:57:15,2026-09-01 11:05:15,LED20064
TXN065,3500,INR,POSTED,CREDIT,2026-09-02 17:11:44,2026-09-02 17:53:44,LED20065
TXN066,1000,INR,POSTED,CREDIT,2026-09-03 11:12:48,2026-09-03 12:03:48,LED20066
TXN067,12000,INR,POSTED,CREDIT,2026-09-04 00:33:35,2026-09-04 01:08:35,LED20067
TXN068,3500,INR,POSTED,CREDIT,2026-09-04 03:15:38,2026-09-04 03:52:38,LED20068
TXN069,3300,INR,POSTED,CREDIT,2026-09-04 01:14:10,2026-09-04 02:05:10,LED20069
TXN070,8000,INR,POSTED,CREDIT,2026-09-03 03:00:40,2026-09-03 03:34:40,LED20070
TXN071,12000,INR,POSTED,CREDIT,2026-09-02 17:23:21,2026-09-02 18:22:21,LED20071
TXN072,1000,INR,POSTED,CREDIT,2026-09-01 23:11:09,2026-09-01 23:58:09,LED20072
TXN073,2400,INR,POSTED,CREDIT,2026-09-04 00:51:03,2026-09-04 01:45:03,LED20073
TXN074,12000,INR,POSTED,CREDIT,2026-09-01 23:19:00,2026-09-01 23:43:00,LED20074
TXN075,3300,INR,POSTED,CREDIT,2026-09-03 18:03:14,2026-09-03 18:32:14,LED20075
TXN076,3000,INR,POSTED,CREDIT,2026-09-02 23:26:10,2026-09-03 00:04:10,LED20076
TXN077,500,INR,POSTED,CREDIT,2026-09-02 11:01:41,2026-09-02 11:20:41,LED20077
TXN078,1200,INR,POSTED,CREDIT,2026-09-01 18:45:20,2026-09-01 19:35:20,LED20078
TXN079,20000,INR,POSTED,CREDIT,2026-09-02 19:42:53,2026-09-02 19:51:53,LED20079
TXN080,4000,INR,POSTED,CREDIT,2026-09-01 11:25:14,2026-09-01 12:23:14,LED20080
TXN081,1500,INR,POSTED,CREDIT,2026-09-01 11:10:09,2026-09-01 11:43:09,LED20081
TXN082,6000,INR,POSTED,CREDIT,2026-09-02 01:23:16,2026-09-02 02:04:16,LED20082
TXN083,15000,INR,POSTED,CREDIT,2026-09-03 13:56:52,2026-09-03 15:08:52,LED20083
TXN084,500,INR,POSTED,CREDIT,2026-09-02 23:03:45,2026-09-02 23:33:45,LED20084
TXN085,950,INR,POSTED,CREDIT,2026-09-03 20:45:43,2026-09-03 20:56:43,LED20085
TXN086,2750,INR,POSTED,CREDIT,2026-09-04 00:24:23,2026-09-04 00:53:23,LED20086
TXN087,500,INR,POSTED,CREDIT,2026-09-03 02:04:27,2026-09-03 02:21:27,LED20087
TXN088,12000,INR,POSTED,CREDIT,2026-09-02 00:03:46,2026-09-02 00:29:46,LED20088
TXN089,20000,INR,POSTED,CREDIT,2026-09-03 01:22:52,2026-09-03 01:35:52,LED20089
TXN090,800,INR,POSTED,CREDIT,2026-09-03 00:55:48,2026-09-03 01:28:48,LED20090
TXN091,2400,INR,POSTED,CREDIT,2026-09-02 02:08:20,2026-09-02 03:06:20,LED20091
TXN092,1800,INR,POSTED,CREDIT,2026-09-02 18:57:38,2026-09-02 20:13:38,LED20092
TXN093,1250,INR,POSTED,CREDIT,2026-09-01 18:35:26,2026-09-01 18:54:26,LED20093
TXN094,12000,INR,POSTED,CREDIT,2026-09-03 01:47:50,2026-09-03 02:36:50,LED20094
TXN095,3000,INR,POSTED,CREDIT,2026-09-03 17:55:42,2026-09-03 18:36:42,LED20095
TXN096,2750,INR,POSTED,CREDIT,2026-09-02 20:42:44,2026-09-02 21:31:44,LED20096
TXN097,1500,INR,POSTED,CREDIT,2026-09-01 16:34:07,2026-09-01 17:36:07,LED20097
TXN098,1800,INR,POSTED,CREDIT,2026-09-04 02:57:18,2026-09-04 03:46:18,LED20098
TXN099,2750,INR,POSTED,CREDIT,2026-09-01 19:03:45,2026-09-01 20:02:45,LED20099
TXN100,5000,INR,POSTED,CREDIT,2026-09-02 15:36:55,2026-09-02 15:41:55,LED20100
TXN101,6000,INR,PENDING,CREDIT,2026-09-01 17:13:30,,LED20101
TXN102,1200,INR,PENDING,CREDIT,2026-09-01 08:30:55,,LED20102
TXN103,800,INR,PENDING,CREDIT,2026-09-01 19:50:04,,LED20103
TXN104,1000,INR,PENDING,CREDIT,2026-09-01 17:16:15,,LED20104
TXN105,20000,INR,PENDING,CREDIT,2026-09-01 22:17:38,,LED20105
TXN106,4200,INR,PENDING,CREDIT,2026-09-01 20:06:58,,LED20106
TXN107,6000,INR,PENDING,CREDIT,2026-09-01 21:37:36,,LED20107
TXN108,15000,INR,PENDING,CREDIT,2026-09-01 11:21:13,,LED20108
TXN109,10000,INR,PENDING,CREDIT,2026-09-01 10:20:15,,LED20109
TXN110,800,INR,PENDING,CREDIT,2026-09-01 13:28:26,,LED20110
TXN111,7500,INR,PENDING,CREDIT,2026-09-01 22:54:02,,LED20111
TXN112,12000,INR,PENDING,CREDIT,2026-09-01 16:53:55,,LED20112
TXN113,10000,INR,PENDING,CREDIT,2026-09-01 15:53:16,,LED20113
TXN114,950,INR,PENDING,CREDIT,2026-09-01 16:26:09,,LED20114
TXN115,1000,INR,PENDING,CREDIT,2026-09-01 10:19:10,,LED20115
TXN116,15000,INR,PENDING,CREDIT,2026-09-01 17:56:07,,LED20116
TXN117,2000,INR,PENDING,CREDIT,2026-09-01 20:13:32,,LED20117
TXN118,800,INR,PENDING,CREDIT,2026-09-01 10:13:27,,LED20118
TXN119,1800,INR,PENDING,CREDIT,2026-09-01 08:42:14,,LED20119
TXN120,10000,INR,PENDING,CREDIT,2026-09-01 16:36:02,,LED20120
TXN121,4200,INR,PENDING,CREDIT,2026-09-01 23:12:17,,LED20121
TXN122,3300,INR,PENDING,CREDIT,2026-09-01 22:57:30,,LED20122
TXN123,2400,INR,PENDING,CREDIT,2026-09-01 18:24:06,,LED20123
TXN124,3300,INR,PENDING,CREDIT,2026-09-02 00:02:42,,LED20124
TXN125,20000,INR,PENDING,CREDIT,2026-09-01 09:01:05,,LED20125
TXN126,2400,INR,PENDING,CREDIT,2026-09-01 12:13:25,,LED20126
TXN127,5000,INR,PENDING,CREDIT,2026-09-01 22:32:03,,LED20127
TXN128,2750,INR,PENDING,CREDIT,2026-09-01 23:06:28,,LED20128
TXN129,1800,INR,PENDING,CREDIT,2026-09-01 13:51:18,,LED20129
TXN130,12000,INR,PENDING,CREDIT,2026-09-01 23:37:01,,LED20130
TXN131,1200,INR,PENDING,CREDIT,2026-09-01 18:50:00,,LED20131
TXN132,950,INR,PENDING,CREDIT,2026-09-02 00:07:41,,LED20132
TXN133,12000,INR,PENDING,CREDIT,2026-09-01 19:26:45,,LED20133
TXN134,4000,INR,PENDING,CREDIT,2026-09-02 00:28:29,,LED20134
TXN135,7500,INR,PENDING,CREDIT,2026-09-02 01:52:56,,LED20135
TXN136,1800,INR,PENDING,CREDIT,2026-09-01 22:22:59,,LED20136
TXN137,2000,INR,PENDING,CREDIT,2026-09-01 19:03:37,,LED20137
TXN138,3500,INR,PENDING,CREDIT,2026-09-02 01:22:21,,LED20138
TXN139,2400,INR,PENDING,CREDIT,2026-09-01 16:39:15,,LED20139
TXN140,20000,INR,PENDING,CREDIT,2026-09-01 23:01:20,,LED20140
TXN141,3000,INR,PENDING,CREDIT,2026-09-01 21:45:50,,LED20141
TXN142,1000,INR,PENDING,CREDIT,2026-09-02 02:32:21,,LED20142
TXN143,3500,INR,PENDING,CREDIT,2026-09-01 13:20:58,,LED20143
TXN144,1000,INR,PENDING,CREDIT,2026-09-01 23:26:41,,LED20144
TXN145,1800,INR,PENDING,CREDIT,2026-09-01 19:45:44,,LED20145
TXN146,2400,INR,PENDING,CREDIT,2026-09-01 21:55:40,,LED20146
TXN147,750,INR,PENDING,CREDIT,2026-09-01 12:03:40,,LED20147
TXN148,800,INR,PENDING,CREDIT,2026-09-01 22:17:48,,LED20148
TXN149,12000,INR,PENDING,CREDIT,2026-09-01 19:48:01,,LED20149
TXN150,750,INR,PENDING,CREDIT,2026-09-01 18:38:23,,LED20150
TXN151,4200,INR,PENDING,CREDIT,2026-09-01 22:48:43,,LED20151
TXN152,800,INR,PENDING,CREDIT,2026-09-01 22:38:43,,LED20152
TXN153,6000,INR,PENDING,CREDIT,2026-09-01 13:31:29,,LED20153
TXN154,10000,INR,PENDING,CREDIT,2026-09-01 10:16:51,,LED20154
TXN155,10000,INR,PENDING,CREDIT,2026-09-01 14:24:28,,LED20155
TXN156,8000,INR,POSTED,CREDIT,2026-09-01 17:54:54,2026-09-01 18:45:54,LED20156
TXN157,950,INR,POSTED,CREDIT,2026-09-01 21:55:22,2026-09-01 22:37:22,LED20157
TXN158,10000,INR,POSTED,CREDIT,2026-09-01 17:39:36,2026-09-01 18:16:36,LED20158
TXN159,2000,INR,POSTED,CREDIT,2026-09-01 20:31:40,2026-09-01 21:19:40,LED20159
TXN160,8000,INR,POSTED,CREDIT,2026-09-01 10:57:50,2026-09-01 11:31:50,LED20160
TXN161,15000,INR,POSTED,CREDIT,2026-09-01 12:25:18,2026-09-01 13:04:18,LED20161
TXN162,1250,INR,POSTED,CREDIT,2026-09-01 20:44:32,2026-09-01 21:42:32,LED20162
TXN163,4000,INR,POSTED,CREDIT,2026-09-01 20:01:07,2026-09-01 20:59:07,LED20163
TXN164,10000,INR,POSTED,CREDIT,2026-09-01 20:22:50,2026-09-01 21:23:50,LED20164
TXN165,950,INR,POSTED,CREDIT,2026-09-01 21:08:47,2026-09-01 21:55:47,LED20165
TXN166,950,INR,POSTED,CREDIT,2026-09-02 00:41:39,2026-09-02 01:09:39,LED20166
TXN167,8000,INR,POSTED,CREDIT,2026-09-02 00:25:44,2026-09-02 01:02:44,LED20167
TXN168,1000,INR,POSTED,CREDIT,2026-09-01 10:35:31,2026-09-01 11:37:31,LED20168
TXN169,1000,INR,POSTED,CREDIT,2026-09-02 00:11:42,2026-09-02 00:28:42,LED20169
TXN170,3300,INR,POSTED,CREDIT,2026-09-02 01:24:26,2026-09-02 01:51:26,LED20170
TXN171,1250,INR,POSTED,CREDIT,2026-09-01 23:59:54,2026-09-02 00:27:54,LED20171
TXN172,5000,INR,POSTED,CREDIT,2026-09-01 11:20:17,2026-09-01 11:40:17,LED20172
TXN173,800,INR,POSTED,CREDIT,2026-09-01 09:12:50,2026-09-01 10:22:50,LED20173
TXN174,1250,INR,POSTED,CREDIT,2026-09-01 16:27:13,2026-09-01 16:42:13,LED20174
TXN175,7500,INR,POSTED,CREDIT,2026-09-01 18:11:09,2026-09-01 19:00:09,LED20175
TXN216,20000,INR,REJECTED,CREDIT,2026-09-01 23:21:22,,LED20216
TXN217,2000,INR,REJECTED,CREDIT,2026-09-01 22:38:42,,LED20217
TXN218,1500,INR,REJECTED,CREDIT,2026-09-01 20:04:03,,LED20218
TXN219,2000,INR,REJECTED,CREDIT,2026-09-01 14:26:08,,LED20219
TXN220,2400,INR,REJECTED,CREDIT,2026-09-01 10:22:31,,LED20220
TXN221,1000,INR,REJECTED,CREDIT,2026-09-01 20:38:45,,LED20221
TXN222,5000,INR,REJECTED,CREDIT,2026-09-01 18:59:25,,LED20222
TXN223,500,INR,REJECTED,CREDIT,2026-09-01 23:11:04,,LED20223
TXN224,3300,INR,REJECTED,CREDIT,2026-09-01 20:22:40,,LED20224
TXN225,950,INR,REJECTED,CREDIT,2026-09-01 20:43:20,,LED20225
TXN226,7500,INR,REJECTED,CREDIT,2026-09-01 22:04:44,,LED20226
TXN227,3300,INR,REJECTED,CREDIT,2026-09-01 11:22:27,,LED20227
TXN228,800,INR,REJECTED,CREDIT,2026-09-01 20:23:19,,LED20228
TXN229,2400,INR,REJECTED,CREDIT,2026-09-01 13:11:32,,LED20229
TXN230,4200,INR,REJECTED,CREDIT,2026-09-01 14:41:49,,LED20230
TXN231,15000,INR,POSTED,CREDIT,2026-09-01 13:28:06,2026-09-01 14:21:06,LED20231
TXN232,7500,INR,POSTED,CREDIT,2026-09-01 14:38:48,2026-09-01 15:04:48,LED20232
TXN233,3500,INR,POSTED,CREDIT,2026-09-02 00:24:59,2026-09-02 00:54:59,LED20233
TXN234,1000,INR,POSTED,CREDIT,2026-09-01 23:24:30,2026-09-02 00:13:30,LED20234
TXN235,6000,INR,POSTED,CREDIT,2026-09-01 10:52:32,2026-09-01 11:37:32,LED20235
TXN236,750,INR,POSTED,CREDIT,2026-09-01 11:05:53,2026-09-01 11:26:53,LED20236
TXN237,7500,INR,POSTED,CREDIT,2026-09-02 02:23:29,2026-09-02 02:43:29,LED20237
TXN238,8000,INR,POSTED,CREDIT,2026-09-01 15:30:38,2026-09-01 16:22:38,LED20238
TXN239,3500,INR,POSTED,CREDIT,2026-09-01 12:57:57,2026-09-01 14:08:57,LED20239
TXN240,8000,INR,POSTED,CREDIT,2026-09-01 14:36:15,2026-09-01 15:19:15,LED20240
TXN241,7500,INR,POSTED,CREDIT,2026-09-01 14:50:23,2026-09-01 15:34:23,LED20241
TXN242,10000,INR,POSTED,CREDIT,2026-09-01 11:12:40,2026-09-01 11:54:40,LED20242
TXN243,5000,INR,POSTED,CREDIT,2026-09-01 21:24:16,2026-09-01 22:37:16,LED20243
TXN244,10000,INR,POSTED,CREDIT,2026-09-01 14:43:22,2026-09-01 15:11:22,LED20244
TXN245,1000,INR,POSTED,CREDIT,2026-09-01 12:10:35,2026-09-01 12:30:35,LED20245
TXN246,1000,INR,POSTED,CREDIT,2026-09-02 01:15:41,2026-09-02 01:25:41,LED20246
TXN247,2750,INR,POSTED,CREDIT,2026-09-01 09:33:19,2026-09-01 09:43:19,LED20247
TXN248,2400,INR,POSTED,CREDIT,2026-09-02 00:22:14,2026-09-02 00:32:14,LED20248
TXN249,800,INR,POSTED,CREDIT,2026-09-01 19:04:50,2026-09-01 19:14:50,LED20249
TXN250,20000,INR,POSTED,CREDIT,2026-09-02 01:12:42,2026-09-02 01:22:42,LED20250
TXN251,20000,INR,POSTED,CREDIT,2026-09-01 13:48:24,2026-09-01 13:58:24,LED20251
TXN252,1200,INR,POSTED,CREDIT,2026-09-01 14:56:28,2026-09-01 15:06:28,LED20252
TXN253,2750,INR,POSTED,CREDIT,2026-09-01 16:38:39,2026-09-01 16:48:39,LED20253
TXN254,15000,INR,POSTED,CREDIT,2026-09-01 23:24:34,2026-09-01 23:34:34,LED20254
TXN255,4000,INR,POSTED,CREDIT,2026-09-01 15:33:43,2026-09-01 15:43:43,LED20255
TXN256,20000,INR,POSTED,CREDIT,2026-09-01 18:59:24,2026-09-01 19:09:24,LED20256
TXN257,1250,INR,POSTED,CREDIT,2026-09-01 14:05:16,2026-09-01 14:15:16,LED20257
TXN258,4000,INR,POSTED,CREDIT,2026-09-01 20:45:59,2026-09-01 20:55:59,LED20258
TXN259,4200,INR,POSTED,CREDIT,2026-09-01 12:28:05,2026-09-01 12:38:05,LED20259
TXN260,3500,INR,POSTED,CREDIT,2026-09-02 01:19:53,2026-09-02 01:29:53,LED20260
TXN261,1500,INR,POSTED,CREDIT,2026-09-02 00:22:22,2026-09-02 01:13:22,LED20261
TXN262,2750,INR,POSTED,CREDIT,2026-09-01 16:45:05,2026-09-01 17:28:05,LED20262
TXN263,12000,INR,POSTED,CREDIT,2026-09-01 20:49:09,2026-09-01 21:06:09,LED20263
TXN264,12000,INR,POSTED,CREDIT,2026-09-01 13:49:45,2026-09-01 14:51:45,LED20264
TXN265,500,INR,POSTED,CREDIT,2026-09-01 18:00:53,2026-09-01 18:33:53,LED20265
TXN266,4200,INR,POSTED,CREDIT,2026-09-01 22:15:49,2026-09-01 23:09:49,LED20266
TXN267,1500,INR,POSTED,CREDIT,2026-09-01 23:34:50,2026-09-01 23:56:50,LED20267
TXN268,7500,INR,POSTED,CREDIT,2026-09-01 10:08:32,2026-09-01 10:41:32,LED20268
TXN269,7500,INR,POSTED,CREDIT,2026-09-01 20:58:36,2026-09-01 21:18:36,LED20269
TXN270,4200,INR,POSTED,CREDIT,2026-09-01 20:35:33,2026-09-01 21:06:33,LED20270
TXN271,8000,INR,PENDING,CREDIT,2026-09-01 19:15:16,,LED20271
TXN272,800,INR,PENDING,CREDIT,2026-09-01 18:34:46,,LED20272
TXN273,6000,INR,PENDING,CREDIT,2026-09-01 17:12:02,,LED20273
TXN274,2400,INR,PENDING,CREDIT,2026-09-01 13:07:49,,LED20274
TXN275,4000,INR,PENDING,CREDIT,2026-09-01 13:06:08,,LED20275
TXN276,20000,INR,PENDING,CREDIT,2026-09-01 20:34:18,,LED20276
TXN277,1250,INR,PENDING,CREDIT,2026-09-01 08:22:59,,LED20277
TXN278,3000,INR,PENDING,CREDIT,2026-09-01 22:04:02,,LED20278
TXN279,2750,INR,PENDING,CREDIT,2026-09-01 08:42:41,,LED20279
TXN280,950,INR,PENDING,CREDIT,2026-09-01 18:44:56,,LED20280
